DAUSH0,SHFX,DAUSH0
au1901,SHFX,DAUSHF
au1902,SHFX,DAUSHG
au1903,SHFX,DAUSHH
au1904,SHFX,DAUSHJ
au1905,SHFX,DAUSHK
au1906,SHFX,DAUSHM
au1907,SHFX,DAUSHN
au1908,SHFX,DAUSHQ
au1909,SHFX,DAUSHU
au1910,SHFX,DAUSHV
au1911,SHFX,DAUSHX
au1912,SHFX,DAUSHZ
au2001,SHFX,DAUSF1
au2002,SHFX,DAUSG1
au2003,SHFX,DAUSH1
au2004,SHFX,DAUSJ1
au2005,SHFX,DAUSK1
au2006,SHFX,DAUSM1
au2007,SHFX,DAUSN1
au2008,SHFX,DAUSQ1
au2009,SHFX,DAUSU1
au1810,SHFX,DAUSV1
au1811,SHFX,DAUSX1
au1812,SHFX,DAUSZ1
DAGSH0,SHFX,DAGSH0
ag1901,SHFX,DAGSHF
ag1902,SHFX,DAGSHG
ag1903,SHFX,DAGSHH
ag1904,SHFX,DAGSHJ
ag1905,SHFX,DAGSHK
ag1906,SHFX,DAGSHM
ag1907,SHFX,DAGSHN
ag1908,SHFX,DAGSHQ
ag1909,SHFX,DAGSHU
ag1810,SHFX,DAGSHV
ag1811,SHFX,DAGSHX
ag1812,SHFX,DAGSHZ
DSCS0,SHFX,DSCS0
sc1901,SHFX,DSCSF
sc1902,SHFX,DSCSG
sc1904,SHFX,DSCSJ
sc1905,SHFX,DSCSK
sc1907,SHFX,DSCSN
sc1908,SHFX,DSCSQ
sc1810,SHFX,DSCSV
sc1811,SHFX,DSCSX
sc2103,SHFX,DSCSH
sc2106,SHFX,DSCSM
sc2109,SHFX,DSCSU
sc1812,SHFX,DSCSZ
sc1903,SHFX,DNSCSH
sc1906,SHFX,DNSCSM
sc1909,SHFX,DNSCSU
sc1912,SHFX,DNSCSZ
sc2003,SHFX,DTSCSH
sc2006,SHFX,DTSCSM
sc2009,SHFX,DTSCSU
sc2012,SHFX,DTSCSZ
SCS0,SHIE,SCS0
SC1901,SHIE,SCSF
SC1902,SHIE,SCSG
SC1904,SHIE,SCSJ
SC1905,SHIE,SCSK
SC1907,SHIE,SCSN
SC1908,SHIE,SCSQ
SC1810,SHIE,SCSV
SC1811,SHIE,SCSX
SC2103,SHIE,SCSH
SC2106,SHIE,SCSM
SC2109,SHIE,SCSU
SC1812,SHIE,SCSZ
SC1903,SHIE,NSCSH
SC1906,SHIE,NSCSM
SC1909,SHIE,NSCSU
SC1912,SHIE,NSCSZ
SC2003,SHIE,TSCSH
SC2006,SHIE,TSCSM
SC2009,SHIE,TSCSU
SC2012,SHIE,TSCSZ
IFC0,CFFE,IFC0
IF1901,CFFE,IFCF
IF1902,CFFE,IFCG
IF1903,CFFE,IFCH
IF1904,CFFE,IFCJ
IF1905,CFFE,IFCK
IF1906,CFFE,IFCM
IF1907,CFFE,IFCN
IF1908,CFFE,IFCQ
IF1909,CFFE,IFCU
IF1810,CFFE,IFCV
IF1811,CFFE,IFCX
IF1812,CFFE,IFCZ
IHC0,CFFE,IHC0
IH1901,CFFE,IHCF
IH1902,CFFE,IHCG
IH1903,CFFE,IHCH
IH1904,CFFE,IHCJ
IH1905,CFFE,IHCK
IH1906,CFFE,IHCM
IH1907,CFFE,IHCN
IH1908,CFFE,IHCQ
IH1909,CFFE,IHCU
IH1810,CFFE,IHCV
IH1811,CFFE,IHCX
IH1812,CFFE,IHCZ
ICC0,CFFE,ICC0
IC1901,CFFE,ICCF
IC1902,CFFE,ICCG
IC1903,CFFE,ICCH
IC1904,CFFE,ICCJ
IC1905,CFFE,ICCK
IC1906,CFFE,ICCM
IC1907,CFFE,ICCN
IC1908,CFFE,ICCQ
IC1909,CFFE,ICCU
IC1810,CFFE,ICCV
IC1811,CFFE,ICCX
IC1812,CFFE,ICCZ
TSC0,CFFE,TSC0
TS1903,CFFE,TSCH
TS1906,CFFE,TSCM
TS1909,CFFE,TSCU
TS1812,CFFE,TSCZ
TFC0,CFFE,TFC0
TF1903,CFFE,TFCH
TF1906,CFFE,TFCM
TF1909,CFFE,TFCU
TF1812,CFFE,TFCZ
TTFC0,CFFE,TTFC0
T1903,CFFE,TTFCH
T1906,CFFE,TTFCM
T1909,CFFE,TTFCU
T1812,CFFE,TTFCZ
SBD0,DLCE,SBD0
A1901,DLCE,SDCF
A1903,DLCE,SDCH
A1905,DLCE,SDCK
A1907,DLCE,SDCN
A1909,DLCE,SDCU
A1911,DLCE,SDCX
A2001,DLCE,SDCF1
A2003,DLCE,SDCH1
A2005,DLCE,SDCK1
A2007,DLCE,SDCN1
A2009,DLCE,SDCU1
A1811,DLCE,SDCX1
BDC0,DLCE,BDC0
B1901,DLCE,BDCF
B1903,DLCE,BDCH
B1905,DLCE,BDCK
B1907,DLCE,BDCN
B1909,DLCE,BDCU
B1811,DLCE,BDCX
SOD0,DLCE,SOD0
Y1901,DLCE,SODF
Y1903,DLCE,SODH
Y1905,DLCE,SODK
Y1907,DLCE,SODN
Y1908,DLCE,SODQ
Y1909,DLCE,SODU
Y1811,DLCE,SODX
Y1812,DLCE,SODZ
BED0,DLCE,BED0
M1901,DLCE,BEDF
M1903,DLCE,BEDH
M1905,DLCE,BEDK
M1907,DLCE,BEDN
M1908,DLCE,BEDQ
M1909,DLCE,BEDU
M1811,DLCE,BEDX
M1812,DLCE,BEDZ
POD0,DLCE,POD0
P1901,DLCE,PODF
P1902,DLCE,PODG
P1903,DLCE,PODH
P1904,DLCE,PODJ
P1905,DLCE,PODK
P1906,DLCE,PODM
P1907,DLCE,PODN
P1908,DLCE,PODQ
P1909,DLCE,PODU
P1810,DLCE,PODV
P1811,DLCE,PODX
P1812,DLCE,PODZ
JD0,DLCE,JD0
J1901,DLCE,JDF
J1902,DLCE,JDG
J1903,DLCE,JDH
J1904,DLCE,JDJ
J1905,DLCE,JDK
J1906,DLCE,JDM
J1907,DLCE,JDN
J1908,DLCE,JDQ
J1909,DLCE,JDU
J1810,DLCE,JDV
J1811,DLCE,JDX
J1812,DLCE,JDZ
JMD0,DLCE,JMD0
JM1901,DLCE,JMDF
JM1902,DLCE,JMDG
JM1903,DLCE,JMDH
JM1904,DLCE,JMDJ
JM1905,DLCE,JMDK
JM1906,DLCE,JMDM
JM1907,DLCE,JMDN
JM1908,DLCE,JMDQ
JM1909,DLCE,JMDU
JM1810,DLCE,JMDV
JM1811,DLCE,JMDX
JM1812,DLCE,JMDZ
ID0,DLCE,ID0
I1901,DLCE,IDF
I1902,DLCE,IDG
I1903,DLCE,IDH
I1904,DLCE,IDJ
I1905,DLCE,IDK
I1906,DLCE,IDM
I1907,DLCE,IDN
I1908,DLCE,IDQ
I1909,DLCE,IDU
I1810,DLCE,IDV
I1811,DLCE,IDX
I1812,DLCE,IDZ
YCD0,DLCE,YCD0
C1901,DLCE,YCDF
C1903,DLCE,YCDH
C1905,DLCE,YCDK
C1907,DLCE,YCDN
C1909,DLCE,YCDU
C1811,DLCE,YCDX
CSD0,DLCE,CSD0
CS1901,DLCE,CSDF
CS1903,DLCE,CSDH
CS1905,DLCE,CSDK
CS1907,DLCE,CSDN
CS1909,DLCE,CSDU
CS1811,DLCE,CSDX
LPED0,DLCE,LPED0
L1901,DLCE,LPEDF
L1902,DLCE,LPEDG
L1903,DLCE,LPEDH
L1904,DLCE,LPEDJ
L1905,DLCE,LPEDK
L1906,DLCE,LPEDM
L1907,DLCE,LPEDN
L1908,DLCE,LPEDQ
L1909,DLCE,LPEDU
L1810,DLCE,LPEDV
L1811,DLCE,LPEDX
L1812,DLCE,LPEDZ
PPD0,DLCE,PPD0
PP1901,DLCE,PPDF
PP1902,DLCE,PPDG
PP1903,DLCE,PPDH
PP1904,DLCE,PPDJ
PP1905,DLCE,PPDK
PP1906,DLCE,PPDM
PP1907,DLCE,PPDN
PP1908,DLCE,PPDQ
PP1909,DLCE,PPDU
PP1810,DLCE,PPDV
PP1811,DLCE,PPDX
PP1812,DLCE,PPDZ
VD0,DLCE,VD0
V1901,DLCE,VDF
V1902,DLCE,VDG
V1903,DLCE,VDH
V1904,DLCE,VDJ
V1905,DLCE,VDK
V1906,DLCE,VDM
V1907,DLCE,VDN
V1908,DLCE,VDQ
V1909,DLCE,VDU
V1810,DLCE,VDV
V1811,DLCE,VDX
V1812,DLCE,VDZ
JDD0,DLCE,JDD0
JD1901,DLCE,JDDF
JD1902,DLCE,JDDG
JD1903,DLCE,JDDH
JD1904,DLCE,JDDJ
JD1905,DLCE,JDDK
JD1906,DLCE,JDDM
JD1907,DLCE,JDDN
JD1908,DLCE,JDDQ
JD1909,DLCE,JDDU
JD1810,DLCE,JDDV
JD1811,DLCE,JDDX
JD1812,DLCE,JDDZ
FBD0,DLCE,FBD0
FB1901,DLCE,FBDF
FB1902,DLCE,FBDG
FB1903,DLCE,FBDH
FB1904,DLCE,FBDJ
FB1905,DLCE,FBDK
FB1906,DLCE,FBDM
FB1907,DLCE,FBDN
FB1908,DLCE,FBDQ
FB1909,DLCE,FBDU
FB1810,DLCE,FBDV
FB1811,DLCE,FBDX
FB1812,DLCE,FBDZ
BBD0,DLCE,BBD0
BB1901,DLCE,BBDF
BB1902,DLCE,BBDG
BB1903,DLCE,BBDH
BB1904,DLCE,BBDJ
BB1905,DLCE,BBDK
BB1906,DLCE,BBDM
BB1907,DLCE,BBDN
BB1908,DLCE,BBDQ
BB1909,DLCE,BBDU
BB1810,DLCE,BBDV
BB1811,DLCE,BBDX
BB1812,DLCE,BBDZ
SRZ0,CZCE,SRZ0
SR901,CZCE,SRZF
SR903,CZCE,SRZH
SR905,CZCE,SRZK
SR907,CZCE,SRZN
SR909,CZCE,SRZU
SR911,CZCE,SRZX
SR001,CZCE,SRZF1
SR003,CZCE,SRZH1
SR005,CZCE,SRZK1
SR007,CZCE,SRZN1
SR009,CZCE,SRZU1
SR811,CZCE,SRZX1
APZ0,CZCE,APZ0
AP901,CZCE,APZF
AP903,CZCE,APZH
AP905,CZCE,APZK
AP907,CZCE,APZN
AP810,CZCE,APZV
AP811,CZCE,APZX
AP812,CZCE,APZZ
CFZ0,CZCE,CFZ0
CF901,CZCE,CFZF
CF903,CZCE,CFZH
CF904,CZCE,CFZJ
CF905,CZCE,CFZK
CF906,CZCE,CFZM
CF907,CZCE,CFZN
CF908,CZCE,CFZQ
CF909,CZCE,CFZU
CF810,CZCE,CFZV
CF811,CZCE,CFZX
CF812,CZCE,CFZZ
CYZ0,CZCE,CYZ0
CY901,CZCE,CYZF
CY902,CZCE,CYZG
CY903,CZCE,CYZH
CY904,CZCE,CYZJ
CY905,CZCE,CYZK
CY906,CZCE,CYZM
CY907,CZCE,CYZN
CY908,CZCE,CYZQ
CY909,CZCE,CYZU
CY810,CZCE,CYZV
CY811,CZCE,CYZX
CY812,CZCE,CYZZ
ROZ0,CZCE,ROZ0
OI901,CZCE,ROZF
OI903,CZCE,ROZH
OI905,CZCE,ROZK
OI907,CZCE,ROZN
OI909,CZCE,ROZU
OI811,CZCE,ROZX
RMZ0,CZCE,RMZ0
RM901,CZCE,RMZF
RM903,CZCE,RMZH
RM905,CZCE,RMZK
RM907,CZCE,RMZN
RM908,CZCE,RMZQ
RM909,CZCE,RMZU
RM811,CZCE,RMZX
MEZ0,CZCE,MEZ0
MA901,CZCE,MEZF
MA902,CZCE,MEZG
MA903,CZCE,MEZH
MA904,CZCE,MEZJ
MA905,CZCE,MEZK
MA906,CZCE,MEZM
MA907,CZCE,MEZN
MA908,CZCE,MEZQ
MA909,CZCE,MEZU
MA810,CZCE,MEZV
MA811,CZCE,MEZX
MA812,CZCE,MEZZ
FGZ0,CZCE,FGZ0
FG901,CZCE,FGZF
FG902,CZCE,FGZG
FG903,CZCE,FGZH
FG904,CZCE,FGZJ
FG905,CZCE,FGZK
FG906,CZCE,FGZM
FG907,CZCE,FGZN
FG908,CZCE,FGZQ
FG909,CZCE,FGZU
FG810,CZCE,FGZV
FG811,CZCE,FGZX
FG812,CZCE,FGZZ
TAZ0,CZCE,TAZ0
TA901,CZCE,TAZF
TA902,CZCE,TAZG
TA903,CZCE,TAZH
TA904,CZCE,TAZJ
TA905,CZCE,TAZK
TA906,CZCE,TAZM
TA907,CZCE,TAZN
TA908,CZCE,TAZQ
TA909,CZCE,TAZU
TA810,CZCE,TAZV
TA811,CZCE,TAZX
TA812,CZCE,TAZZ
TCZ0,CZCE,TCZ0
ZC901,CZCE,TCZF
ZC902,CZCE,TCZG
ZC903,CZCE,TCZH
ZC904,CZCE,TCZJ
ZC905,CZCE,TCZK
ZC906,CZCE,TCZM
ZC907,CZCE,TCZN
ZC908,CZCE,TCZQ
ZC909,CZCE,TCZU
ZC810,CZCE,TCZV
ZC811,CZCE,TCZX
ZC812,CZCE,TCZZ
WSZ0,CZCE,WSZ0
WH901,CZCE,WSZF
WH903,CZCE,WSZH
WH905,CZCE,WSZK
WH907,CZCE,WSZN
WH909,CZCE,WSZU
WH811,CZCE,WSZX
PMZ0,CZCE,PMZ0
PM901,CZCE,PMZF
PM903,CZCE,PMZH
PM905,CZCE,PMZK
PM907,CZCE,PMZN
PM909,CZCE,PMZU
PM811,CZCE,PMZX
JRZ0,CZCE,JRZ0
JR901,CZCE,JRZF
JR903,CZCE,JRZH
JR905,CZCE,JRZK
JR907,CZCE,JRZN
JR909,CZCE,JRZU
JR811,CZCE,JRZX
ERZ0,CZCE,ERZ0
RI901,CZCE,ERZF
RI903,CZCE,ERZH
RI905,CZCE,ERZK
RI907,CZCE,ERZN
RI909,CZCE,ERZU
RI811,CZCE,ERZX
LRZ0,CZCE,LRZ0
LR901,CZCE,LRZF
LR903,CZCE,LRZH
LR905,CZCE,LRZK
LR907,CZCE,LRZN
LR909,CZCE,LRZU
LR811,CZCE,LRZX
RSZ0,CZCE,RSZ0
RS901,CZCE,RSZF
RS903,CZCE,RSZH
RS905,CZCE,RSZK
RS907,CZCE,RSZN
RS908,CZCE,RSZQ
RS909,CZCE,RSZU
RS811,CZCE,RSZX
SFZ0,CZCE,SFZ0
SF901,CZCE,SFZF
SF902,CZCE,SFZG
SF903,CZCE,SFZH
SF904,CZCE,SFZJ
SF905,CZCE,SFZK
SF906,CZCE,SFZM
SF907,CZCE,SFZN
SF908,CZCE,SFZQ
SF909,CZCE,SFZU
SF810,CZCE,SFZV
SF811,CZCE,SFZX
SF812,CZCE,SFZZ
SMZ0,CZCE,SMZ0
SM901,CZCE,SMZF
SM902,CZCE,SMZG
SM903,CZCE,SMZH
SM904,CZCE,SMZJ
SM905,CZCE,SMZK
SM906,CZCE,SMZM
SM907,CZCE,SMZN
SM908,CZCE,SMZQ
SM909,CZCE,SMZU
SM810,CZCE,SMZV
SM811,CZCE,SMZX
SM812,CZCE,SMZZ
